video_id,physics_role,model,release_offset_frames,release_frame_used_0based,fit_status,fit_message,quality_warnings,fps,frame_count_total,frame_count_post_release,frame_count_geometry_valid,frame_count_geometry_excluded,optimization_point_count,duration_post_release_s,length_m,nominal_initial_angle_deg,theta0_deg_signed,omega0_assumed_rad_s,alpha1_s_inv,alpha2_rad_inv,omega2_s_inv2,omega2_over_g_over_l,alpha1_lower,alpha1_upper,alpha2_lower,alpha2_upper,omega2_lower,omega2_upper,parameter_at_bound,optimizer_success,optimizer_nfev,optimizer_cost,rmse_deg,weighted_rmse_deg_exploratory,early_rmse_deg,late_rmse_deg,residual_bias_deg,max_abs_residual_deg,late_equilibrium_offset_deg,frequency_initial_estimate_s_inv2,frequency_extrema_count,jacobian_rank,jacobian_parameter_count,jacobian_condition_number,median_marker_likelihood_post_release,median_abs_delta_deg_post_release,median_dlc_pivot_to_cad_px,p95_dlc_pivot_to_cad_px,csv_filename,dlc_scorer,csv_sha256,calibration_filename,calibration_sha256,weighting_status,interval_status,alpha1_s_inv_lower,alpha1_s_inv_upper,omega2_s_inv2_lower,omega2_s_inv2_upper,alpha2_rad_inv_lower,alpha2_rad_inv_upper
P001,labeled_train_source,M0_linear,0,132,success,`ftol` termination condition is satisfied.,effective_release_frame_used:132;led_release_frame:133,29.9969636267,3326,3194,3194,0,500,106.44410680146115,0.245,65,-66.08834551543674,0.0,0.062305906242851025,0.0,39.67778293855472,0.9912719246578502,0.0,0.5,,,8.005428571428572,64.04342857142858,False,True,59,0.38764312660616446,6.435533879078542,6.435533879078542,7.7092848696182115,6.0208421415394,-0.5084623809474192,15.286973304770866,0.4855756541446376,36.96501970354534,67,2,2,90.60006206410888,1.0,178.70477263082623,3.7934285793864797,5.428966502417813,P001DLC_Resnet50_Province_Pendulum_DLCJul23shuffle1_snapshot_best-55.csv,DLC_Resnet50_Province_Pendulum_DLCJul23shuffle1_snapshot_best-55,072E6CF871D8E6FC8B91B11DAA187735A80C3C8D07641CBB3716DFC579E1FF8D,P001_parameters.toml,604A53A71536EAF4FE8605B4AF4695BB7E6210A62D54C68E5C727DC33B208BE3,exploratory_bounded_dlc_likelihood_not_calibrated,not_reported_frames_autocorrelated,0.0,0.5,8.005428571428572,64.04342857142858,,
P001,labeled_train_source,M1_linear_quadratic,0,132,success,`xtol` termination condition is satisfied.,effective_release_frame_used:132;led_release_frame:133,29.9969636267,3326,3194,3194,0,500,106.44410680146115,0.245,65,-66.08834551543674,0.0,0.000831957188948102,0.015665349381549842,39.614323180138385,0.9896865065168946,0.0,0.5,0.0,0.5,8.005428571428572,64.04342857142858,False,True,20,0.10171710726131648,2.1148824073201165,2.1148824073201165,2.9342492386048002,1.6651882191596488,-0.5232789206647744,5.436106950434894,0.4855756541446376,36.96501970354534,67,3,3,318.2577147179156,1.0,178.70477263082623,3.7934285793864797,5.428966502417813,P001DLC_Resnet50_Province_Pendulum_DLCJul23shuffle1_snapshot_best-55.csv,DLC_Resnet50_Province_Pendulum_DLCJul23shuffle1_snapshot_best-55,072E6CF871D8E6FC8B91B11DAA187735A80C3C8D07641CBB3716DFC579E1FF8D,P001_parameters.toml,604A53A71536EAF4FE8605B4AF4695BB7E6210A62D54C68E5C727DC33B208BE3,exploratory_bounded_dlc_likelihood_not_calibrated,not_reported_frames_autocorrelated,0.0,0.5,8.005428571428572,64.04342857142858,0.0,0.5
P002,unlabeled_development,M0_linear,0,111,success,`ftol` termination condition is satisfied.,effective_release_frame_used:111;led_release_frame:112,29.9970006613,2767,2656,2656,0,500,88.50884893386333,0.165,20,-21.398467794500323,0.0,0.05213424485911582,0.0,57.65879219675645,0.970127486192004,0.0,0.5,,,11.886848484848485,95.09478787878788,False,True,25,0.02760489331233667,0.8397006504940157,0.8397006504940157,1.1282155142078039,0.7851455154588166,-0.41296281959203374,4.018760091741007,0.49456824664196436,56.83755464052263,83,2,2,11.099053123686348,1.0,179.30950735599146,3.4047623269804372,4.544843096948731,P002DLC_Resnet50_Province_Pendulum_DLCJul23shuffle1_snapshot_best-55.csv,DLC_Resnet50_Province_Pendulum_DLCJul23shuffle1_snapshot_best-55,C6EA722F402F261EE30A4EA020A24169192A4425CF7A04C0473EC0B76ABA0453,P002_parameters.toml,2BD9CB79D849BA10AB1E3C1806AB4A58D6CEE01B3FDBBE7AE9DE49B4AF7B8DD0,exploratory_bounded_dlc_likelihood_not_calibrated,not_reported_frames_autocorrelated,0.0,0.5,11.886848484848485,95.09478787878788,,
P002,unlabeled_development,M1_linear_quadratic,0,111,success,`xtol` termination condition is satisfied.,effective_release_frame_used:111;led_release_frame:112;parameter_at_bound,29.9970006613,2767,2656,2656,0,500,88.50884893386333,0.165,20,-21.398467794500323,0.0,0.05213426195218777,8.032868388149434e-18,57.65879226610135,0.9701274873587539,0.0,0.5,0.0,0.5,11.886848484848485,95.09478787878788,True,True,2,0.027604893312160782,0.839700615566376,0.839700615566376,1.128216236586885,0.7851441076784361,-0.41296282253346667,4.018760097511152,0.49456824664196436,56.83755464052263,83,3,3,27.65638603709228,1.0,179.30950735599146,3.4047623269804372,4.544843096948731,P002DLC_Resnet50_Province_Pendulum_DLCJul23shuffle1_snapshot_best-55.csv,DLC_Resnet50_Province_Pendulum_DLCJul23shuffle1_snapshot_best-55,C6EA722F402F261EE30A4EA020A24169192A4425CF7A04C0473EC0B76ABA0453,P002_parameters.toml,2BD9CB79D849BA10AB1E3C1806AB4A58D6CEE01B3FDBBE7AE9DE49B4AF7B8DD0,exploratory_bounded_dlc_likelihood_not_calibrated,not_reported_frames_autocorrelated,0.0,0.5,11.886848484848485,95.09478787878788,0.0,0.5
P004,unlabeled_development,M0_linear,0,95,success,`ftol` termination condition is satisfied.,effective_release_frame_used:95;led_release_frame:96,29.9970337861,3135,3040,3040,0,500,101.31001690601185,0.245,20,-19.823619478711635,0.0,0.035787887606374726,0.0,39.57226716897189,0.988635819204123,0.0,0.5,,,8.005428571428572,64.04342857142858,False,True,34,0.024152588308873027,0.7101265669411218,0.7101265669411218,0.7390528120173662,0.7488468616248758,-0.48842092754550887,2.0401552074651526,0.5207783508197896,39.470611228229686,69,2,2,9.788405564691866,1.0,179.4641827451102,0.8554196881828736,1.5107643916699178,P004DLC_Resnet50_Province_Pendulum_DLCJul23shuffle1_snapshot_best-55.csv,DLC_Resnet50_Province_Pendulum_DLCJul23shuffle1_snapshot_best-55,08DD7F1C097C429F8DC2EB416B0909A695220CB96CC4F22CAB916F7479C920CD,P004_parameters.toml,4462CC676AF4802D0B7B3AB9C140C089BC55ED3B6CB5AB9B4214AD24E8A69A14,exploratory_bounded_dlc_likelihood_not_calibrated,not_reported_frames_autocorrelated,0.0,0.5,8.005428571428572,64.04342857142858,,
P004,unlabeled_development,M1_linear_quadratic,0,95,success,`xtol` termination condition is satisfied.,effective_release_frame_used:95;led_release_frame:96,29.9970337861,3135,3040,3040,0,500,101.31001690601185,0.245,20,-19.823619478711635,0.0,0.03168712700813517,0.0035068067359919127,39.567744892624184,0.9885228389605957,0.0,0.5,0.0,0.5,8.005428571428572,64.04342857142858,False,True,12,0.02390402594346802,0.7067930643216735,0.7067930643216735,0.7425528297568251,0.7412805314969935,-0.4887208599558447,2.0325659568532113,0.5207783508197896,39.470611228229686,69,3,3,19.725062995619428,1.0,179.4641827451102,0.8554196881828736,1.5107643916699178,P004DLC_Resnet50_Province_Pendulum_DLCJul23shuffle1_snapshot_best-55.csv,DLC_Resnet50_Province_Pendulum_DLCJul23shuffle1_snapshot_best-55,08DD7F1C097C429F8DC2EB416B0909A695220CB96CC4F22CAB916F7479C920CD,P004_parameters.toml,4462CC676AF4802D0B7B3AB9C140C089BC55ED3B6CB5AB9B4214AD24E8A69A14,exploratory_bounded_dlc_likelihood_not_calibrated,not_reported_frames_autocorrelated,0.0,0.5,8.005428571428572,64.04342857142858,0.0,0.5
P005,labeled_train_source,M0_linear,0,119,success,`ftol` termination condition is satisfied.,effective_release_frame_used:119;led_release_frame:120,29.9969661325,3131,3012,3012,0,500,100.37681766549562,0.165,65,-61.65456941951811,0.0,0.06162278064266225,0.0,57.99000235016317,0.9757002021869775,0.0,0.5,,,11.886848484848485,95.09478787878788,False,True,65,0.21212880324480787,3.8229111649947423,3.8229111649947423,5.01251037009013,2.8829240389621558,-0.4530203018686971,9.991890832263243,0.39561176610102755,56.83742379201224,82,2,2,104.60679999843742,1.0,178.94564263551445,0.8284750352173615,1.9149009103748384,P005DLC_Resnet50_Province_Pendulum_DLCJul23shuffle1_snapshot_best-55.csv,DLC_Resnet50_Province_Pendulum_DLCJul23shuffle1_snapshot_best-55,3D063F561824747CCBBDA4EC03F5DB3A74779DDB4903B5C527A0C1FA2E435F0B,P005_parameters.toml,F9B42730D914DD2167D22BA495229E090B2AAF1C9359D6F8C68ED01E5D2F46A2,exploratory_bounded_dlc_likelihood_not_calibrated,not_reported_frames_autocorrelated,0.0,0.5,11.886848484848485,95.09478787878788,,
P005,labeled_train_source,M1_linear_quadratic,0,119,success,`xtol` termination condition is satisfied.,effective_release_frame_used:119;led_release_frame:120,29.9969661325,3131,3012,3012,0,500,100.37681766549562,0.165,65,-61.65456941951811,0.0,0.047977291852189144,0.0037601190772376986,57.82963155793885,0.97300191268781,0.0,0.5,0.0,0.5,11.886848484848485,95.09478787878788,False,True,14,0.12812101435727064,2.529324067858849,2.529324067858849,3.260190744305698,1.3265628285246533,-0.45424529905738625,6.242319581519207,0.39561176610102755,56.83742379201224,82,3,3,820.365518318038,1.0,178.94564263551445,0.8284750352173615,1.9149009103748384,P005DLC_Resnet50_Province_Pendulum_DLCJul23shuffle1_snapshot_best-55.csv,DLC_Resnet50_Province_Pendulum_DLCJul23shuffle1_snapshot_best-55,3D063F561824747CCBBDA4EC03F5DB3A74779DDB4903B5C527A0C1FA2E435F0B,P005_parameters.toml,F9B42730D914DD2167D22BA495229E090B2AAF1C9359D6F8C68ED01E5D2F46A2,exploratory_bounded_dlc_likelihood_not_calibrated,not_reported_frames_autocorrelated,0.0,0.5,11.886848484848485,95.09478787878788,0.0,0.5
P006,unlabeled_development,M0_linear,0,128,success,`ftol` termination condition is satisfied.,effective_release_frame_used:128;led_release_frame:129,29.9969279658,3027,2899,2899,0,500,96.6098929631747,0.32,20,-21.71122011855395,0.0,0.04349960105627837,0.0,31.02717846092152,1.0124453414259595,0.0,0.5,,,6.12915625,49.03325,False,True,31,0.028196399894897372,0.7556998305828637,0.7556998305828637,0.870561157209848,0.6941675136018235,-0.645909470734118,2.658090588825168,0.7054070126127729,30.72949781449181,61,2,2,7.913924451362815,1.0,179.46592222847926,3.581681112508479,4.744741288644249,P006DLC_Resnet50_Province_Pendulum_DLCJul23shuffle1_snapshot_best-55.csv,DLC_Resnet50_Province_Pendulum_DLCJul23shuffle1_snapshot_best-55,A88ABED8535F582C20B7F37DF37A6F84EFAD998876EFE4BBAB0C44FCF254892B,P006_parameters.toml,08F2A38FA53308C8D9640923ED52A73423A4603428E2723D8AB8A3871FBEEB34,exploratory_bounded_dlc_likelihood_not_calibrated,not_reported_frames_autocorrelated,0.0,0.5,6.12915625,49.03325,,
P006,unlabeled_development,M1_linear_quadratic,0,128,success,`xtol` termination condition is satisfied.,effective_release_frame_used:128;led_release_frame:129;parameter_at_bound,29.9969279658,3027,2899,2899,0,500,96.6098929631747,0.32,20,-21.71122011855395,0.0,0.043499601497522855,4.2690755273513615e-13,31.027178487557737,1.0124453422951238,0.0,0.5,0.0,0.5,6.12915625,49.03325,True,True,2,0.028196399894965602,0.7556998239339094,0.7556998239339094,0.8705612425560253,0.6941674221281116,-0.6459094695465852,2.6580906305437817,0.7054070126127729,30.72949781449181,61,3,3,15.380633471289453,1.0,179.46592222847926,3.581681112508479,4.744741288644249,P006DLC_Resnet50_Province_Pendulum_DLCJul23shuffle1_snapshot_best-55.csv,DLC_Resnet50_Province_Pendulum_DLCJul23shuffle1_snapshot_best-55,A88ABED8535F582C20B7F37DF37A6F84EFAD998876EFE4BBAB0C44FCF254892B,P006_parameters.toml,08F2A38FA53308C8D9640923ED52A73423A4603428E2723D8AB8A3871FBEEB34,exploratory_bounded_dlc_likelihood_not_calibrated,not_reported_frames_autocorrelated,0.0,0.5,6.12915625,49.03325,0.0,0.5
P009,labeled_train_source,M0_linear,0,82,success,`ftol` termination condition is satisfied.,effective_release_frame_used:82;led_release_frame:83,29.9969603543,3454,3372,3372,0,500,112.37805298218406,0.32,65,-69.24438612708971,0.0,0.06864146455560492,0.0,31.011063798529356,1.011919505185705,0.0,0.5,,,6.12915625,49.03325,False,True,49,0.3265553750227689,5.599088109608035,5.599088109608035,6.782043042077684,4.487852641867667,-0.9985543559707396,14.92747702120448,0.6169336769600461,28.99867443636046,59,2,2,67.51880072539731,1.0,179.04529390888578,8.930147542781668,9.27713523867536,P009DLC_Resnet50_Province_Pendulum_DLCJul23shuffle1_snapshot_best-55.csv,DLC_Resnet50_Province_Pendulum_DLCJul23shuffle1_snapshot_best-55,6A6E71DC755532E2E642D610A78C4FC866FACAF88FBA6934C3E4DA391C34FEB0,P009_parameters.toml,218424E53D1C56FE8EB036F8D3837C4C62F8A665C24BC4A4F3405DB0493CEE36,exploratory_bounded_dlc_likelihood_not_calibrated,not_reported_frames_autocorrelated,0.0,0.5,6.12915625,49.03325,,
P009,labeled_train_source,M1_linear_quadratic,0,82,success,`xtol` termination condition is satisfied.,effective_release_frame_used:82;led_release_frame:83,29.9969603543,3454,3372,3372,0,500,112.37805298218406,0.32,65,-69.24438612708971,0.0,0.0496255377856669,0.006413744783278717,30.89699784227121,1.0081974282274566,0.0,0.5,0.0,0.5,6.12915625,49.03325,False,True,16,0.222153383234787,3.938877776868683,3.938877776868683,4.555290536003597,2.947998724178097,-1.0018515070372587,9.665240711751785,0.6169336769600461,28.99867443636046,59,3,3,60.06855811709328,1.0,179.04529390888578,8.930147542781668,9.27713523867536,P009DLC_Resnet50_Province_Pendulum_DLCJul23shuffle1_snapshot_best-55.csv,DLC_Resnet50_Province_Pendulum_DLCJul23shuffle1_snapshot_best-55,6A6E71DC755532E2E642D610A78C4FC866FACAF88FBA6934C3E4DA391C34FEB0,P009_parameters.toml,218424E53D1C56FE8EB036F8D3837C4C62F8A665C24BC4A4F3405DB0493CEE36,exploratory_bounded_dlc_likelihood_not_calibrated,not_reported_frames_autocorrelated,0.0,0.5,6.12915625,49.03325,0.0,0.5
P010,fully_heldout_formal,M0_linear,0,103,success,Both `ftol` and `xtol` termination conditions are satisfied.,effective_release_frame_used:103;led_release_frame:104,29.9970234168,3460,3357,3357,0,500,111.87776711606837,0.32,20,-28.382418560850972,0.0,0.04576152349297579,0.0,30.983490247678883,1.011019754886454,0.0,0.5,,,6.12915625,49.03325,False,True,31,0.011703262503611086,0.48040895881511236,0.48040895881511236,0.6863500679257328,0.37961900717221114,0.12439164834786862,2.5009295969834042,0.1769429508623587,30.72969337891532,61,2,2,11.41542320789829,1.0,179.03250176523085,5.825954450714428,6.515775453046543,P010DLC_Resnet50_Province_Pendulum_DLCJul23shuffle1_snapshot_best-55.csv,DLC_Resnet50_Province_Pendulum_DLCJul23shuffle1_snapshot_best-55,55CEFFC1814AAE6A0B199BD156701F4AFB41CDC9404D58776402E115553DF07A,P010_parameters.toml,EFF97E8E8DA044F9DC567070BAA9119FDA8ED9411712AF49D5C19D0EE13FF1D5,exploratory_bounded_dlc_likelihood_not_calibrated,not_reported_frames_autocorrelated,0.0,0.5,6.12915625,49.03325,,
P010,fully_heldout_formal,M1_linear_quadratic,0,103,success,`ftol` termination condition is satisfied.,effective_release_frame_used:103;led_release_frame:104,29.9970234168,3460,3357,3357,0,500,111.87776711606837,0.32,20,-28.382418560850972,0.0,0.04386593185582043,0.0013960331594687712,30.980374969465863,1.0109181004959977,0.0,0.5,0.0,0.5,6.12915625,49.03325,False,True,10,0.011513395761929645,0.4755135928113848,0.4755135928113848,0.6754619882602487,0.3906585142598266,0.12454300837431452,2.496581092060352,0.1769429508623587,30.72969337891532,61,3,3,26.871843345173975,1.0,179.03250176523085,5.825954450714428,6.515775453046543,P010DLC_Resnet50_Province_Pendulum_DLCJul23shuffle1_snapshot_best-55.csv,DLC_Resnet50_Province_Pendulum_DLCJul23shuffle1_snapshot_best-55,55CEFFC1814AAE6A0B199BD156701F4AFB41CDC9404D58776402E115553DF07A,P010_parameters.toml,EFF97E8E8DA044F9DC567070BAA9119FDA8ED9411712AF49D5C19D0EE13FF1D5,exploratory_bounded_dlc_likelihood_not_calibrated,not_reported_frames_autocorrelated,0.0,0.5,6.12915625,49.03325,0.0,0.5
P011,fully_heldout_formal,M0_linear,0,94,success,`ftol` termination condition is satisfied.,effective_release_frame_used:94;led_release_frame:95,29.9968902745,3344,3250,3250,0,500,108.31122727284622,0.245,65,-69.95159169737943,0.0,0.06687473367936633,0.0,39.57316232551578,0.9886581829423265,0.0,0.5,,,8.005428571428572,64.04342857142858,False,True,71,0.4308617618803822,7.030357168884694,7.030357168884694,8.248925876707299,6.252227761797521,-0.22470439939297904,16.84185015608807,0.1808166105810471,36.96483892110098,67,2,2,90.64571766030521,1.0,178.7076293888249,2.6367900679057126,3.3105148495656134,P011DLC_Resnet50_Province_Pendulum_DLCJul23shuffle1_snapshot_best-55.csv,DLC_Resnet50_Province_Pendulum_DLCJul23shuffle1_snapshot_best-55,86C786373C2CD44BC807D98940A24CA2028ECA749CCF8B27EE0B46D33A8CBA2C,P011_parameters.toml,C9060EC1E6507812BD2970442AA10DA1F4690B32D67D1766D5963AD91AA6A773,exploratory_bounded_dlc_likelihood_not_calibrated,not_reported_frames_autocorrelated,0.0,0.5,8.005428571428572,64.04342857142858,,
P011,fully_heldout_formal,M1_linear_quadratic,0,94,success,`xtol` termination condition is satisfied.,effective_release_frame_used:94;led_release_frame:95,29.9968902745,3344,3250,3250,0,500,108.31122727284622,0.245,65,-69.95159169737943,0.0,0.05466804372810149,0.0041158302861949375,39.4188492052381,0.9848029709720786,0.0,0.5,0.0,0.5,8.005428571428572,64.04342857142858,False,True,23,0.3484994028722733,5.7028990200912,5.7028990200912,6.25860103094885,4.895805946003875,-0.22301339593516686,12.62013378943475,0.1808166105810471,36.96483892110098,67,3,3,111.47047299138796,1.0,178.7076293888249,2.6367900679057126,3.3105148495656134,P011DLC_Resnet50_Province_Pendulum_DLCJul23shuffle1_snapshot_best-55.csv,DLC_Resnet50_Province_Pendulum_DLCJul23shuffle1_snapshot_best-55,86C786373C2CD44BC807D98940A24CA2028ECA749CCF8B27EE0B46D33A8CBA2C,P011_parameters.toml,C9060EC1E6507812BD2970442AA10DA1F4690B32D67D1766D5963AD91AA6A773,exploratory_bounded_dlc_likelihood_not_calibrated,not_reported_frames_autocorrelated,0.0,0.5,8.005428571428572,64.04342857142858,0.0,0.5
P012,fully_heldout_formal,M0_linear,0,76,success,`ftol` termination condition is satisfied.,effective_release_frame_used:76;led_release_frame:77,29.9968979112,3320,3244,3244,0,500,108.11117901591933,0.165,45,-49.997015361823266,0.0,0.05792050534608465,0.0,60.28698007084184,1.0143475816602923,0.0,0.5,,,11.886848484848485,95.09478787878788,False,True,55,0.13207084247422432,2.6781199927602475,2.6781199927602475,3.780552505220817,1.6602624961588675,-0.5822636446083038,10.792506975395307,0.7649306643974073,56.83716526463244,84,2,2,75.79982777997975,1.0,179.07475713315387,1.9282400015410075,2.5940361624235337,P012DLC_Resnet50_Province_Pendulum_DLCJul23shuffle1_snapshot_best-55.csv,DLC_Resnet50_Province_Pendulum_DLCJul23shuffle1_snapshot_best-55,83293E36AD676F12608F576D73F34040EBD5F2C66EABF98BEB33612706B6EB59,P012_parameters.toml,39099CFCD31A11AD476F47C714BB8666479CF59E8DC0538CA294E1BA1ABCD2BB,exploratory_bounded_dlc_likelihood_not_calibrated,not_reported_frames_autocorrelated,0.0,0.5,11.886848484848485,95.09478787878788,,
P012,fully_heldout_formal,M1_linear_quadratic,0,76,success,`xtol` termination condition is satisfied.,effective_release_frame_used:76;led_release_frame:77,29.9968979112,3320,3244,3244,0,500,108.11117901591933,0.165,45,-49.997015361823266,0.0,0.04632739532422399,0.0035304147861414904,60.212220843486904,1.0130897339229339,0.0,0.5,0.0,0.5,11.886848484848485,95.09478787878788,False,True,22,0.10135325366614902,2.2095171912247493,2.2095171912247493,3.183722687566266,1.2737556944614683,-0.5827494414373541,10.665505041415587,0.7649306643974073,56.83716526463244,84,3,3,638.6491894337745,1.0,179.07475713315387,1.9282400015410075,2.5940361624235337,P012DLC_Resnet50_Province_Pendulum_DLCJul23shuffle1_snapshot_best-55.csv,DLC_Resnet50_Province_Pendulum_DLCJul23shuffle1_snapshot_best-55,83293E36AD676F12608F576D73F34040EBD5F2C66EABF98BEB33612706B6EB59,P012_parameters.toml,39099CFCD31A11AD476F47C714BB8666479CF59E8DC0538CA294E1BA1ABCD2BB,exploratory_bounded_dlc_likelihood_not_calibrated,not_reported_frames_autocorrelated,0.0,0.5,11.886848484848485,95.09478787878788,0.0,0.5
P013,fully_heldout_formal,M0_linear,0,97,success,`ftol` termination condition is satisfied.,effective_release_frame_used:97;led_release_frame:98;late_equilibrium_offset_over_1deg,29.997040044,3547,3450,3450,0,500,114.9780109951171,0.32,65,-67.55819348542214,0.0,0.0665098503248661,0.0,31.05045916190309,1.0132050120896523,0.0,0.5,,,6.12915625,49.03325,False,True,51,0.2803432026778894,4.810603483036458,4.810603483036458,5.715082359448537,3.8980978718350605,-0.3928083999549682,11.74656567987689,1.3242536209300233,28.99882851188735,59,2,2,75.01248665976068,1.0,179.08963765903616,4.5484477981404305,5.047150919241663,P013DLC_Resnet50_Province_Pendulum_DLCJul23shuffle1_snapshot_best-55.csv,DLC_Resnet50_Province_Pendulum_DLCJul23shuffle1_snapshot_best-55,3D635EB344564485E286D9FC45C7DC8C31EE6B620387A5491A7CFC190A37A374,P013_parameters.toml,36A198C58FF94FD79CE5C39A9BF9B65A21C0D8A673EE0E49384D851365187B33,exploratory_bounded_dlc_likelihood_not_calibrated,not_reported_frames_autocorrelated,0.0,0.5,6.12915625,49.03325,,
P013,fully_heldout_formal,M1_linear_quadratic,0,97,success,`xtol` termination condition is satisfied.,effective_release_frame_used:97;led_release_frame:98;late_equilibrium_offset_over_1deg,29.997040044,3547,3450,3450,0,500,114.9780109951171,0.32,65,-67.55819348542214,0.0,0.05078128828947672,0.007388669130580732,30.78757158304651,1.0046267488464342,0.0,0.5,0.0,0.5,6.12915625,49.03325,False,True,15,0.2513181335849576,4.270937115442571,4.270937115442571,4.969203890130538,3.086112376323741,-0.39356344509202046,8.82573545042166,1.3242536209300233,28.99882851188735,59,3,3,401.2934878830576,1.0,179.08963765903616,4.5484477981404305,5.047150919241663,P013DLC_Resnet50_Province_Pendulum_DLCJul23shuffle1_snapshot_best-55.csv,DLC_Resnet50_Province_Pendulum_DLCJul23shuffle1_snapshot_best-55,3D635EB344564485E286D9FC45C7DC8C31EE6B620387A5491A7CFC190A37A374,P013_parameters.toml,36A198C58FF94FD79CE5C39A9BF9B65A21C0D8A673EE0E49384D851365187B33,exploratory_bounded_dlc_likelihood_not_calibrated,not_reported_frames_autocorrelated,0.0,0.5,6.12915625,49.03325,0.0,0.5
P014,fully_heldout_formal,M0_linear,0,101,success,Both `ftol` and `xtol` termination conditions are satisfied.,effective_release_frame_used:101;led_release_frame:102,29.9970428655,3077,2976,2976,0,500,99.17644260266692,0.245,20,-20.442977871384418,0.0,0.03558600081908331,0.0,39.59016942952683,0.9890830722248753,0.0,0.5,,,8.005428571428572,64.04342857142858,False,True,26,0.0450394785292828,1.1055208534849275,1.1055208534849275,1.3530044747753274,1.114042658890289,-0.5719631452150613,2.6842191462752094,0.5823495865750885,39.47063512189359,69,2,2,10.773968901401757,1.0,179.27187887319334,2.624854716615477,3.2293142984301753,P014DLC_Resnet50_Province_Pendulum_DLCJul23shuffle1_snapshot_best-55.csv,DLC_Resnet50_Province_Pendulum_DLCJul23shuffle1_snapshot_best-55,83917C1534A513EF1C80C875C618263B1E2AE0B8BD6B6F6B4CC8864A9CBB71B3,P014_parameters.toml,2F0214EBF2CA8C22E6154DD3E5799161FB8EEA793D871BBB7943DBF7FD154C2E,exploratory_bounded_dlc_likelihood_not_calibrated,not_reported_frames_autocorrelated,0.0,0.5,8.005428571428572,64.04342857142858,,
P014,fully_heldout_formal,M1_linear_quadratic,0,101,success,`xtol` termination condition is satisfied.,effective_release_frame_used:101;led_release_frame:102,29.9970428655,3077,2976,2976,0,500,99.17644260266692,0.245,20,-20.442977871384418,0.0,0.026492834920717998,0.007731564370951571,39.578540347491064,0.9887925423192743,0.0,0.5,0.0,0.5,8.005428571428572,64.04342857142858,False,True,15,0.043762999251252585,1.0834303726499317,1.0834303726499317,1.339060176613351,1.0748892207487168,-0.572165317163214,2.619461729340017,0.5823495865750885,39.47063512189359,69,3,3,22.70641305465283,1.0,179.27187887319334,2.624854716615477,3.2293142984301753,P014DLC_Resnet50_Province_Pendulum_DLCJul23shuffle1_snapshot_best-55.csv,DLC_Resnet50_Province_Pendulum_DLCJul23shuffle1_snapshot_best-55,83917C1534A513EF1C80C875C618263B1E2AE0B8BD6B6F6B4CC8864A9CBB71B3,P014_parameters.toml,2F0214EBF2CA8C22E6154DD3E5799161FB8EEA793D871BBB7943DBF7FD154C2E,exploratory_bounded_dlc_likelihood_not_calibrated,not_reported_frames_autocorrelated,0.0,0.5,8.005428571428572,64.04342857142858,0.0,0.5
P015,fully_heldout_formal,M0_linear,0,137,success,`ftol` termination condition is satisfied.,effective_release_frame_used:137;led_release_frame:138,29.9969451206,3044,2907,2907,0,500,96.87653153735123,0.165,65,-57.74922814353166,0.0,0.057957399830871795,0.0,58.02032195940798,0.976210339239426,0.0,0.5,,,11.886848484848485,95.09478787878788,False,True,34,0.15841123958235034,2.9858072967495066,2.9858072967495066,3.9330127823526158,2.359587324712176,-0.4915125299901249,11.128197589141271,0.17958481248654312,56.83734416650332,82,2,2,105.79609000172559,1.0,179.0421399107566,2.258346060726801,2.5929491135878884,P015DLC_Resnet50_Province_Pendulum_DLCJul23shuffle1_snapshot_best-55.csv,DLC_Resnet50_Province_Pendulum_DLCJul23shuffle1_snapshot_best-55,2EA6958CE2A7A18AC0B12C64ED2A77F770B88525EC2223B8C79AA0B372BD987B,P015_parameters.toml,8F2336349BE72B151ECC12C412028CFBC9EA39443D740A2715142039991E20ED,exploratory_bounded_dlc_likelihood_not_calibrated,not_reported_frames_autocorrelated,0.0,0.5,11.886848484848485,95.09478787878788,,
P015,fully_heldout_formal,M1_linear_quadratic,0,137,success,`xtol` termination condition is satisfied.,effective_release_frame_used:137;led_release_frame:138,29.9969451206,3044,2907,2907,0,500,96.87653153735123,0.165,65,-57.74922814353166,0.0,0.03917448102893251,0.004664898119240106,57.91371297726562,0.9744166092650219,0.0,0.5,0.0,0.5,11.886848484848485,95.09478787878788,False,True,15,0.08250420393882014,1.9883940053753264,1.9883940053753264,2.933294155351591,0.6938969634804468,-0.4908289708769939,10.965204657684222,0.17958481248654312,56.83734416650332,82,3,3,634.2372664264243,1.0,179.0421399107566,2.258346060726801,2.5929491135878884,P015DLC_Resnet50_Province_Pendulum_DLCJul23shuffle1_snapshot_best-55.csv,DLC_Resnet50_Province_Pendulum_DLCJul23shuffle1_snapshot_best-55,2EA6958CE2A7A18AC0B12C64ED2A77F770B88525EC2223B8C79AA0B372BD987B,P015_parameters.toml,8F2336349BE72B151ECC12C412028CFBC9EA39443D740A2715142039991E20ED,exploratory_bounded_dlc_likelihood_not_calibrated,not_reported_frames_autocorrelated,0.0,0.5,11.886848484848485,95.09478787878788,0.0,0.5
P016,fully_heldout_formal,M0_linear,0,156,success,`ftol` termination condition is satisfied.,effective_release_frame_used:156;led_release_frame:157;late_equilibrium_offset_over_1deg,29.9970169023,3553,3397,3397,0,500,113.21125734137964,0.245,45,-53.41668547712103,0.0,0.05509416722851524,0.0,39.729725524245694,0.9925696087287907,0.0,0.5,,,8.005428571428572,64.04342857142858,False,True,59,0.3358994178254777,5.724230049747564,5.724230049747564,7.351465786776807,5.223196441697764,1.0699105344335968,14.52651118294772,-1.137481671391782,36.96515100585827,68,2,2,53.25464243628024,1.0,177.9817455757274,13.56245790205448,14.18021173772862,P016DLC_Resnet50_Province_Pendulum_DLCJul23shuffle1_snapshot_best-55.csv,DLC_Resnet50_Province_Pendulum_DLCJul23shuffle1_snapshot_best-55,903FB1C764F9697536ABEB39930CAC74CF83B8917760165161E78261C9BB61D9,P016_parameters.toml,1AA286311AA49B825EFB451E666F2F18C743A23541275F3FDFA8980C72565392,exploratory_bounded_dlc_likelihood_not_calibrated,not_reported_frames_autocorrelated,0.0,0.5,8.005428571428572,64.04342857142858,,
P016,fully_heldout_formal,M1_linear_quadratic,0,156,success,`xtol` termination condition is satisfied.,effective_release_frame_used:156;led_release_frame:157;late_equilibrium_offset_over_1deg,29.9970169023,3553,3397,3397,0,500,113.21125734137964,0.245,45,-53.41668547712103,0.0,0.044040730102086575,0.005941646046083939,39.55145239475795,0.9881158027171051,0.0,0.5,0.0,0.5,8.005428571428572,64.04342857142858,False,True,16,0.27642250858083417,4.789816013811342,4.789816013811342,6.162050784725916,3.7366875652697984,1.067032147924769,12.271184035889972,-1.137481671391782,36.96515100585827,68,3,3,515.0786683823027,1.0,177.9817455757274,13.56245790205448,14.18021173772862,P016DLC_Resnet50_Province_Pendulum_DLCJul23shuffle1_snapshot_best-55.csv,DLC_Resnet50_Province_Pendulum_DLCJul23shuffle1_snapshot_best-55,903FB1C764F9697536ABEB39930CAC74CF83B8917760165161E78261C9BB61D9,P016_parameters.toml,1AA286311AA49B825EFB451E666F2F18C743A23541275F3FDFA8980C72565392,exploratory_bounded_dlc_likelihood_not_calibrated,not_reported_frames_autocorrelated,0.0,0.5,8.005428571428572,64.04342857142858,0.0,0.5
P017,fully_heldout_formal,M0_linear,0,85,success,`ftol` termination condition is satisfied.,effective_release_frame_used:85;led_release_frame:86,29.9969985551,2865,2780,2780,0,500,92.64260205551541,0.165,20,-27.801128901641558,0.0,0.04311470955623109,0.0,57.60979917508524,0.9693031630464088,0.0,0.5,,,11.886848484848485,95.09478787878788,False,True,53,0.05015210541880485,1.2218664693861438,1.2218664693861438,1.1855001460401227,1.520899958178205,-0.6132240782023692,3.051983960670192,0.7135985612884378,56.83754665897462,83,2,2,24.873149068472443,1.0,179.25140652864556,1.6017137352016375,2.7292702970852036,P017DLC_Resnet50_Province_Pendulum_DLCJul23shuffle1_snapshot_best-55.csv,DLC_Resnet50_Province_Pendulum_DLCJul23shuffle1_snapshot_best-55,567ACC88EC6702D6930ABDD9D5A9F915C5E21A8E9989F7D54D26EDE2E54229DA,P017_parameters.toml,471CC33DD607523C37B0D5859B1F461C80E3097FB0C52EF83DE99E16A4126DE2,exploratory_bounded_dlc_likelihood_not_calibrated,not_reported_frames_autocorrelated,0.0,0.5,11.886848484848485,95.09478787878788,,
P017,fully_heldout_formal,M1_linear_quadratic,0,85,success,Both `ftol` and `xtol` termination conditions are satisfied.,effective_release_frame_used:85;led_release_frame:86,29.9969985551,2865,2780,2780,0,500,92.64260205551541,0.165,20,-27.801128901641558,0.0,0.03779803659467884,0.0027302818344491554,57.59490900697001,0.9690526312400313,0.0,0.5,0.0,0.5,11.886848484848485,95.09478787878788,False,True,21,0.04962875981735191,1.2092719091922557,1.2092719091922557,1.199134715066861,1.4846766912958707,-0.6135134313634536,3.0349623103903776,0.7135985612884378,56.83754665897462,83,3,3,73.48854025980353,1.0,179.25140652864556,1.6017137352016375,2.7292702970852036,P017DLC_Resnet50_Province_Pendulum_DLCJul23shuffle1_snapshot_best-55.csv,DLC_Resnet50_Province_Pendulum_DLCJul23shuffle1_snapshot_best-55,567ACC88EC6702D6930ABDD9D5A9F915C5E21A8E9989F7D54D26EDE2E54229DA,P017_parameters.toml,471CC33DD607523C37B0D5859B1F461C80E3097FB0C52EF83DE99E16A4126DE2,exploratory_bounded_dlc_likelihood_not_calibrated,not_reported_frames_autocorrelated,0.0,0.5,11.886848484848485,95.09478787878788,0.0,0.5
P018,fully_heldout_formal,M0_linear,0,139,success,`ftol` termination condition is satisfied.,effective_release_frame_used:139;led_release_frame:140,29.9969431686,3500,3361,3361,0,500,112.01141333351454,0.32,45,-53.593793794332115,0.0,0.05611627653369316,0.0,31.101612471850025,1.0148741915936643,0.0,0.5,,,6.12915625,49.03325,False,True,33,0.1658150807898683,3.0901063382650533,3.0901063382650533,3.708028529146091,2.990803452722988,-0.7217630715242476,7.972047530177602,0.5557523836569347,29.845272405648668,60,2,2,36.23253116424913,1.0,179.19079270970497,4.149165322579906,5.207656120953073,P018DLC_Resnet50_Province_Pendulum_DLCJul23shuffle1_snapshot_best-55.csv,DLC_Resnet50_Province_Pendulum_DLCJul23shuffle1_snapshot_best-55,0C251A704B9E5220A0CAB0C06103B6F37C30C1224A727C22132975F3408BEE8C,P018_parameters.toml,DD2F7B4B2398133D870EB3C56F27396F081DC45C0439CC16CD3DB97A6C99C76D,exploratory_bounded_dlc_likelihood_not_calibrated,not_reported_frames_autocorrelated,0.0,0.5,6.12915625,49.03325,,
P018,fully_heldout_formal,M1_linear_quadratic,0,139,success,`xtol` termination condition is satisfied.,effective_release_frame_used:139;led_release_frame:140,29.9969431686,3500,3361,3361,0,500,112.01141333351454,0.32,45,-53.593793794332115,0.0,0.042349453898960214,0.007022399743455326,30.970345609050085,1.0105908332505011,0.0,0.5,0.0,0.5,6.12915625,49.03325,False,True,15,0.112150860874191,2.2592837975761464,2.2592837975761464,2.870613908165066,1.5175443105594328,-0.7252118477460195,5.787284372833741,0.5557523836569347,29.845272405648668,60,3,3,428.9710627477221,1.0,179.19079270970497,4.149165322579906,5.207656120953073,P018DLC_Resnet50_Province_Pendulum_DLCJul23shuffle1_snapshot_best-55.csv,DLC_Resnet50_Province_Pendulum_DLCJul23shuffle1_snapshot_best-55,0C251A704B9E5220A0CAB0C06103B6F37C30C1224A727C22132975F3408BEE8C,P018_parameters.toml,DD2F7B4B2398133D870EB3C56F27396F081DC45C0439CC16CD3DB97A6C99C76D,exploratory_bounded_dlc_likelihood_not_calibrated,not_reported_frames_autocorrelated,0.0,0.5,6.12915625,49.03325,0.0,0.5
P019,fully_heldout_formal,M0_linear,0,165,success,`ftol` termination condition is satisfied.,effective_release_frame_used:165;led_release_frame:166,29.99705822,3297,3132,3132,0,500,104.37690179607219,0.165,65,-62.42299103765549,0.0,0.06550178151084395,0.0,57.70456699711171,0.9708976617421273,0.0,0.5,,,11.886848484848485,95.09478787878788,False,True,171,0.3259348645545001,5.608514876256793,5.608514876256793,7.4120523590116845,4.2850411023110295,-0.5150071763785742,14.891774710087592,0.7597377227955249,56.837772762255966,82,2,2,48.07229286399864,1.0,178.7303414811853,2.1809681133294374,2.7927793566566184,P019DLC_Resnet50_Province_Pendulum_DLCJul23shuffle1_snapshot_best-55.csv,DLC_Resnet50_Province_Pendulum_DLCJul23shuffle1_snapshot_best-55,9F456EF6CA7B39B667C49B48FCB2D9A20FC86DD14D51A100741FFCB69DF536C8,P019_parameters.toml,7EFD1920C57EC39CC29E06237BF9AAC1D941E068ABE9364EEB58BB75F5CCBF6A,exploratory_bounded_dlc_likelihood_not_calibrated,not_reported_frames_autocorrelated,0.0,0.5,11.886848484848485,95.09478787878788,,
P019,fully_heldout_formal,M1_linear_quadratic,0,165,success,`xtol` termination condition is satisfied.,effective_release_frame_used:165;led_release_frame:166,29.99705822,3297,3132,3132,0,500,104.37690179607219,0.165,65,-62.42299103765549,0.0,0.05172940672264285,0.006374037211138329,57.271175698529994,0.9636057155356264,0.0,0.5,0.0,0.5,11.886848484848485,95.09478787878788,False,True,14,0.265045258106441,4.4823210174074015,4.4823210174074015,4.954858124828794,3.1100711883053194,-0.514733295973764,8.5502333796318,0.7597377227955249,56.837772762255966,82,3,3,421.5072468883863,1.0,178.7303414811853,2.1809681133294374,2.7927793566566184,P019DLC_Resnet50_Province_Pendulum_DLCJul23shuffle1_snapshot_best-55.csv,DLC_Resnet50_Province_Pendulum_DLCJul23shuffle1_snapshot_best-55,9F456EF6CA7B39B667C49B48FCB2D9A20FC86DD14D51A100741FFCB69DF536C8,P019_parameters.toml,7EFD1920C57EC39CC29E06237BF9AAC1D941E068ABE9364EEB58BB75F5CCBF6A,exploratory_bounded_dlc_likelihood_not_calibrated,not_reported_frames_autocorrelated,0.0,0.5,11.886848484848485,95.09478787878788,0.0,0.5
P020,fully_heldout_formal,M0_linear,0,126,success,`ftol` termination condition is satisfied.,effective_release_frame_used:126;led_release_frame:127;late_equilibrium_offset_over_1deg,29.9970364151,3239,3113,3113,0,500,103.74358176374623,0.32,20,-29.78018507998333,0.0,0.04748125877563652,0.0,31.001591944806073,1.0116104298958302,0.0,0.5,,,6.12915625,49.03325,False,True,16,0.03887454564983129,0.989639162342338,0.989639162342338,1.1128147753072373,1.0126175366318397,-0.6880210386285934,2.32558068899041,1.042088635247315,30.72972001048174,61,2,2,11.52949357401895,1.0,179.3980485627719,3.3623630306081616,4.116764111310835,P020DLC_Resnet50_Province_Pendulum_DLCJul23shuffle1_snapshot_best-55.csv,DLC_Resnet50_Province_Pendulum_DLCJul23shuffle1_snapshot_best-55,E2974AB5593DBAD9C99AE70178FD17C44C1829AE02B56978401E7DC94D76668F,P020_parameters.toml,3BDCC702C47B7C70B219C353592E6F67B50FE44FB445D252BD7C561B9AD3548F,exploratory_bounded_dlc_likelihood_not_calibrated,not_reported_frames_autocorrelated,0.0,0.5,6.12915625,49.03325,,
P020,fully_heldout_formal,M1_linear_quadratic,0,126,success,`ftol` termination condition is satisfied.,effective_release_frame_used:126;led_release_frame:127;late_equilibrium_offset_over_1deg,29.9970364151,3239,3113,3113,0,500,103.74358176374623,0.32,20,-29.78018507998333,0.0,0.036567710886602184,0.00770364202369913,30.98320577025412,1.0110104721267017,0.0,0.5,0.0,0.5,6.12915625,49.03325,False,True,9,0.03556680375401345,0.9242044321687226,0.9242044321687226,1.0422839502937975,0.9405843814935575,-0.6877482932685642,2.104132554466216,1.042088635247315,30.72972001048174,61,3,3,25.031485578852838,1.0,179.3980485627719,3.3623630306081616,4.116764111310835,P020DLC_Resnet50_Province_Pendulum_DLCJul23shuffle1_snapshot_best-55.csv,DLC_Resnet50_Province_Pendulum_DLCJul23shuffle1_snapshot_best-55,E2974AB5593DBAD9C99AE70178FD17C44C1829AE02B56978401E7DC94D76668F,P020_parameters.toml,3BDCC702C47B7C70B219C353592E6F67B50FE44FB445D252BD7C561B9AD3548F,exploratory_bounded_dlc_likelihood_not_calibrated,not_reported_frames_autocorrelated,0.0,0.5,6.12915625,49.03325,0.0,0.5
P021,fully_heldout_formal,M0_linear,0,105,success,`ftol` termination condition is satisfied.,effective_release_frame_used:105;led_release_frame:106,29.9970182466,3454,3349,3349,0,500,111.6110932252234,0.245,65,-69.37863827620842,0.0,0.06587804812227566,0.0,39.48781463304515,0.9865259375113888,0.0,0.5,,,8.005428571428572,64.04342857142858,False,True,42,0.3931986524283388,6.416856292494747,6.416856292494747,7.108240278595787,5.989485545339119,0.11685807513431705,14.487544875459424,-0.06908989177228216,36.96515431900454,67,2,2,91.64797436315992,1.0,178.3727959270128,5.605169592224595,6.151596100731595,P021DLC_Resnet50_Province_Pendulum_DLCJul23shuffle1_snapshot_best-55.csv,DLC_Resnet50_Province_Pendulum_DLCJul23shuffle1_snapshot_best-55,72181E80D32AFD5F2F9EC6298561A0A086CFDB31F92C342D8BEB3CA0EF24039B,P021_parameters.toml,C66FAAD8B3E6D4D2A681BB1A4529E40F60AA5F57D21D0476C803CADFF87173D3,exploratory_bounded_dlc_likelihood_not_calibrated,not_reported_frames_autocorrelated,0.0,0.5,8.005428571428572,64.04342857142858,,
P021,fully_heldout_formal,M1_linear_quadratic,0,105,success,`xtol` termination condition is satisfied.,effective_release_frame_used:105;led_release_frame:106,29.9970182466,3454,3349,3349,0,500,111.6110932252234,0.245,65,-69.37863827620842,0.0,0.050590075777007346,0.006482442623349913,39.129409647526714,0.9775718888350299,0.0,0.5,0.0,0.5,8.005428571428572,64.04342857142858,False,True,16,0.3595221990747826,5.812156822716217,5.812156822716217,5.791831020836022,5.3996511578729995,0.11899706203493671,9.59761847382538,-0.06908989177228216,36.96515431900454,67,3,3,641.912002108123,1.0,178.3727959270128,5.605169592224595,6.151596100731595,P021DLC_Resnet50_Province_Pendulum_DLCJul23shuffle1_snapshot_best-55.csv,DLC_Resnet50_Province_Pendulum_DLCJul23shuffle1_snapshot_best-55,72181E80D32AFD5F2F9EC6298561A0A086CFDB31F92C342D8BEB3CA0EF24039B,P021_parameters.toml,C66FAAD8B3E6D4D2A681BB1A4529E40F60AA5F57D21D0476C803CADFF87173D3,exploratory_bounded_dlc_likelihood_not_calibrated,not_reported_frames_autocorrelated,0.0,0.5,8.005428571428572,64.04342857142858,0.0,0.5
P022,fully_heldout_formal,M0_linear,0,115,success,`ftol` termination condition is satisfied.,effective_release_frame_used:115;led_release_frame:116;late_equilibrium_offset_over_1deg,29.9969878117,2722,2607,2607,0,500,86.87538950106044,0.165,20,-29.61027428248702,0.0,0.05550110201478516,0.0,57.86259409895339,0.9735565179064523,0.0,0.5,,,11.886848484848485,95.09478787878788,False,True,15,0.16818465012708309,2.7962148984323383,2.7962148984323383,2.8025284532424615,2.7799097688150702,2.6488600639190043,4.991182179003543,-2.5079260838697217,56.83750594634197,83,2,2,20.35958753051673,1.0,176.80993190729708,20.45819655188601,21.660238201046663,P022DLC_Resnet50_Province_Pendulum_DLCJul23shuffle1_snapshot_best-55.csv,DLC_Resnet50_Province_Pendulum_DLCJul23shuffle1_snapshot_best-55,709766C900D31D681251D0E73B3081C3725CDF42A30B49471FEC4C6E8397CA59,P022_parameters.toml,220E59C1C1294FEBA18156D61C58AC1C48464BBBE5EEFD20C465A7DE047DCA42,exploratory_bounded_dlc_likelihood_not_calibrated,not_reported_frames_autocorrelated,0.0,0.5,11.886848484848485,95.09478787878788,,
P022,fully_heldout_formal,M1_linear_quadratic,0,115,success,`ftol` termination condition is satisfied.,effective_release_frame_used:115;led_release_frame:116;late_equilibrium_offset_over_1deg,29.9969878117,2722,2607,2607,0,500,86.87538950106044,0.165,20,-29.61027428248702,0.0,0.039888084158771396,0.007752760821487998,57.82720079048099,0.9729610142535283,0.0,0.5,0.0,0.5,11.886848484848485,95.09478787878788,False,True,11,0.16803946416140406,2.7826179736539327,2.7826179736539327,2.764140060786528,2.8013226866649563,2.650140100618604,4.846952481832923,-2.5079260838697217,56.83750594634197,83,3,3,48.1418855879204,1.0,176.80993190729708,20.45819655188601,21.660238201046663,P022DLC_Resnet50_Province_Pendulum_DLCJul23shuffle1_snapshot_best-55.csv,DLC_Resnet50_Province_Pendulum_DLCJul23shuffle1_snapshot_best-55,709766C900D31D681251D0E73B3081C3725CDF42A30B49471FEC4C6E8397CA59,P022_parameters.toml,220E59C1C1294FEBA18156D61C58AC1C48464BBBE5EEFD20C465A7DE047DCA42,exploratory_bounded_dlc_likelihood_not_calibrated,not_reported_frames_autocorrelated,0.0,0.5,11.886848484848485,95.09478787878788,0.0,0.5
P023,fully_heldout_formal,M0_linear,0,115,success,`ftol` termination condition is satisfied.,effective_release_frame_used:115;led_release_frame:116;late_equilibrium_offset_over_1deg,29.9969305197,3453,3338,3338,0,500,111.24471544875163,0.32,45,-51.85111415378605,0.0,0.05386821594400781,0.0,31.087153832932508,1.0144023929209671,0.0,0.5,,,6.12915625,49.03325,False,True,50,0.16479367986659432,3.160782734843226,3.160782734843226,4.318957677016716,2.702022829894382,-0.7554898095204894,9.021136432468458,1.376835349920923,28.998616752954536,60,2,2,35.25410778013421,1.0,179.1690799028012,6.499782497142609,7.250405448564504,P023DLC_Resnet50_Province_Pendulum_DLCJul23shuffle1_snapshot_best-55.csv,DLC_Resnet50_Province_Pendulum_DLCJul23shuffle1_snapshot_best-55,72046566BDCBE07D0B4C9F0144833B81D0C8266BAB21D195883FFEBF3D9D613F,P023_parameters.toml,EAC65110FB2D53FFE92F3FEBB881B8017B15B6401DF2DB932B4F6B20B313439D,exploratory_bounded_dlc_likelihood_not_calibrated,not_reported_frames_autocorrelated,0.0,0.5,6.12915625,49.03325,,
P023,fully_heldout_formal,M1_linear_quadratic,0,115,success,`xtol` termination condition is satisfied.,effective_release_frame_used:115;led_release_frame:116;late_equilibrium_offset_over_1deg,29.9969305197,3453,3338,3338,0,500,111.24471544875163,0.32,45,-51.85111415378605,0.0,0.04089468850886958,0.006649249225638853,30.971268895897172,1.0106209609486516,0.0,0.5,0.0,0.5,6.12915625,49.03325,False,True,14,0.1144852354378342,2.433728679012012,2.433728679012012,3.5974934294718253,1.277008692391806,-0.7529222610841027,7.61634327879126,1.376835349920923,28.998616752954536,60,3,3,535.2089177096511,1.0,179.1690799028012,6.499782497142609,7.250405448564504,P023DLC_Resnet50_Province_Pendulum_DLCJul23shuffle1_snapshot_best-55.csv,DLC_Resnet50_Province_Pendulum_DLCJul23shuffle1_snapshot_best-55,72046566BDCBE07D0B4C9F0144833B81D0C8266BAB21D195883FFEBF3D9D613F,P023_parameters.toml,EAC65110FB2D53FFE92F3FEBB881B8017B15B6401DF2DB932B4F6B20B313439D,exploratory_bounded_dlc_likelihood_not_calibrated,not_reported_frames_autocorrelated,0.0,0.5,6.12915625,49.03325,0.0,0.5
P024,fully_heldout_formal,M0_linear,0,92,success,`ftol` termination condition is satisfied.,effective_release_frame_used:92;led_release_frame:93,29.9969423041,3172,3080,3080,0,500,102.64379511704966,0.245,20,-19.456143853601283,0.0,0.044250225895989044,0.0,39.60240517507069,0.9893887584335446,0.0,0.5,,,8.005428571428572,64.04342857142858,False,True,50,0.054364995061079266,1.3188479175548715,1.3188479175548715,1.9164509903384541,0.9608469278029486,-0.5257894937087613,3.7669499817239016,0.6417845988051477,39.470370481429434,69,2,2,9.468180246041232,1.0,179.16840534815933,0.7479096610313913,1.5114818089703412,P024DLC_Resnet50_Province_Pendulum_DLCJul23shuffle1_snapshot_best-55.csv,DLC_Resnet50_Province_Pendulum_DLCJul23shuffle1_snapshot_best-55,97EF55516D2E29D5AA52C4AD8AD5318FBDAA3BAB817F71B03D6B5472081F5E90,P024_parameters.toml,0025D6C1EEE029B322557DCBE7D5F98514F2A14707BF8747D95FF9BAA135BE21,exploratory_bounded_dlc_likelihood_not_calibrated,not_reported_frames_autocorrelated,0.0,0.5,8.005428571428572,64.04342857142858,,
P024,fully_heldout_formal,M1_linear_quadratic,0,92,success,Both `ftol` and `xtol` termination conditions are satisfied.,effective_release_frame_used:92;led_release_frame:93;parameter_at_bound,29.9969423041,3172,3080,3080,0,500,102.64379511704966,0.245,20,-19.456143853601283,0.0,0.044250243100401036,1.974667064982514e-17,39.60240538388176,0.9893887636502813,0.0,0.5,0.0,0.5,8.005428571428572,64.04342857142858,True,True,2,0.05436499506065149,1.3188474812297026,1.3188474812297026,1.9164485730871008,0.960848857386563,-0.525789492627765,3.766949576722547,0.6417845988051477,39.470370481429434,69,3,3,17.59059646765973,1.0,179.16840534815933,0.7479096610313913,1.5114818089703412,P024DLC_Resnet50_Province_Pendulum_DLCJul23shuffle1_snapshot_best-55.csv,DLC_Resnet50_Province_Pendulum_DLCJul23shuffle1_snapshot_best-55,97EF55516D2E29D5AA52C4AD8AD5318FBDAA3BAB817F71B03D6B5472081F5E90,P024_parameters.toml,0025D6C1EEE029B322557DCBE7D5F98514F2A14707BF8747D95FF9BAA135BE21,exploratory_bounded_dlc_likelihood_not_calibrated,not_reported_frames_autocorrelated,0.0,0.5,8.005428571428572,64.04342857142858,0.0,0.5
P025,fully_heldout_formal,M0_linear,0,117,success,`ftol` termination condition is satisfied.,effective_release_frame_used:117;led_release_frame:118,29.9969298553,3094,2977,2977,0,500,99.21015298417902,0.165,45,-50.149509064026375,0.0,0.06312631117672589,0.0,60.31271041511656,1.0147805028724624,0.0,0.5,,,11.886848484848485,95.09478787878788,False,True,48,0.19354781754758899,3.646531699083649,3.646531699083649,5.281716578361003,2.361197414241438,-0.21173159921389473,9.84970951106586,0.2325949150172453,56.83728631802016,84,2,2,70.10003461656301,1.0,179.0045136246571,4.611020678342248,5.2329729728307806,P025DLC_Resnet50_Province_Pendulum_DLCJul23shuffle1_snapshot_best-55.csv,DLC_Resnet50_Province_Pendulum_DLCJul23shuffle1_snapshot_best-55,24224D5F6920ACCE1F855A73F34D643DE5BCD56D89F061E3423BFEEBA9E2C991,P025_parameters.toml,01307856E2EE0C8EEAB50F5F6400C957354D8B1C66A4069CE2556715B77D3C55,exploratory_bounded_dlc_likelihood_not_calibrated,not_reported_frames_autocorrelated,0.0,0.5,11.886848484848485,95.09478787878788,,
P025,fully_heldout_formal,M1_linear_quadratic,0,117,success,`xtol` termination condition is satisfied.,effective_release_frame_used:117;led_release_frame:118,29.9969298553,3094,2977,2977,0,500,99.21015298417902,0.165,45,-50.149509064026375,0.0,0.048469422175189424,0.005242199389577043,60.147055051175634,1.0119932987762366,0.0,0.5,0.0,0.5,11.886848484848485,95.09478787878788,False,True,14,0.14897147816850645,3.0499288295105753,3.0499288295105753,4.624916861822922,1.3466769580639917,-0.21206115088595195,8.869550174498665,0.2325949150172453,56.83728631802016,84,3,3,257.76474136809634,1.0,179.0045136246571,4.611020678342248,5.2329729728307806,P025DLC_Resnet50_Province_Pendulum_DLCJul23shuffle1_snapshot_best-55.csv,DLC_Resnet50_Province_Pendulum_DLCJul23shuffle1_snapshot_best-55,24224D5F6920ACCE1F855A73F34D643DE5BCD56D89F061E3423BFEEBA9E2C991,P025_parameters.toml,01307856E2EE0C8EEAB50F5F6400C957354D8B1C66A4069CE2556715B77D3C55,exploratory_bounded_dlc_likelihood_not_calibrated,not_reported_frames_autocorrelated,0.0,0.5,11.886848484848485,95.09478787878788,0.0,0.5
P026,fully_heldout_formal,M0_linear,0,142,success,`ftol` termination condition is satisfied.,effective_release_frame_used:142;led_release_frame:143;late_equilibrium_offset_over_1deg,29.9970069827,3441,3299,3299,0,500,109.94430217328137,0.32,65,-69.9165661954977,0.0,0.06853519715465792,0.0,30.99884856822524,1.0115209109973413,0.0,0.5,,,6.12915625,49.03325,False,True,54,0.3379147211570337,5.618229771073337,5.618229771073337,6.424795662015708,4.914487008568744,0.4346158824535894,12.87644500879519,-1.2709415981812915,28.998764589684363,59,2,2,57.8226170819562,1.0,178.4442398107497,9.757177986841358,10.260612305541256,P026DLC_Resnet50_Province_Pendulum_DLCJul23shuffle1_snapshot_best-55.csv,DLC_Resnet50_Province_Pendulum_DLCJul23shuffle1_snapshot_best-55,29EB446AE06CE3401FE2C56E669E9DDE28311F46090C9A8467A9EC9E0DBD1225,P026_parameters.toml,9A6AE41DB1F05FA280A6DFA2A2BE8ACE5B521809ED6E2DA20FE4C4E67990B9DD,exploratory_bounded_dlc_likelihood_not_calibrated,not_reported_frames_autocorrelated,0.0,0.5,6.12915625,49.03325,,
P026,fully_heldout_formal,M1_linear_quadratic,0,142,success,`xtol` termination condition is satisfied.,effective_release_frame_used:142;led_release_frame:143;late_equilibrium_offset_over_1deg,29.9970069827,3441,3299,3299,0,500,109.94430217328137,0.32,65,-69.9165661954977,0.0,0.05159488252764104,0.008210422887244238,30.671929646396418,1.0008532461999617,0.0,0.5,0.0,0.5,6.12915625,49.03325,False,True,14,0.32044761091596335,5.221422394374169,5.221422394374169,5.463408758697588,4.4606504901964055,0.43761016019984483,8.948031707911124,-1.2709415981812915,28.998764589684363,59,3,3,573.6771792905023,1.0,178.4442398107497,9.757177986841358,10.260612305541256,P026DLC_Resnet50_Province_Pendulum_DLCJul23shuffle1_snapshot_best-55.csv,DLC_Resnet50_Province_Pendulum_DLCJul23shuffle1_snapshot_best-55,29EB446AE06CE3401FE2C56E669E9DDE28311F46090C9A8467A9EC9E0DBD1225,P026_parameters.toml,9A6AE41DB1F05FA280A6DFA2A2BE8ACE5B521809ED6E2DA20FE4C4E67990B9DD,exploratory_bounded_dlc_likelihood_not_calibrated,not_reported_frames_autocorrelated,0.0,0.5,6.12915625,49.03325,0.0,0.5
P027,fully_heldout_formal,M0_linear,0,72,success,`ftol` termination condition is satisfied.,effective_release_frame_used:72;led_release_frame:73,29.9970279578,3398,3326,3326,0,500,110.84431446600743,0.245,45,-51.5087228384986,0.0,0.04865309671847034,0.0,39.65848420152594,0.9907897833994131,0.0,0.5,,,8.005428571428572,64.04342857142858,False,True,54,0.23871493401751182,4.2131745041105715,4.2131745041105715,4.7715630933858115,4.798596954336707,-0.47658776469681097,9.325169944231165,0.681843440779331,36.96517825312111,68,2,2,62.482906370177886,1.0,179.02045578558926,3.2747209823082786,4.024921843024768,P027DLC_Resnet50_Province_Pendulum_DLCJul23shuffle1_snapshot_best-55.csv,DLC_Resnet50_Province_Pendulum_DLCJul23shuffle1_snapshot_best-55,DAC241AC8CFC645F267127FBFC1EEA358E47177414C0B64DD18420B2FCDC3D2E,P027_parameters.toml,5302236354CED37B7442A7C45E634EC008BA1046C4999A43C1D98A3E08B6D837,exploratory_bounded_dlc_likelihood_not_calibrated,not_reported_frames_autocorrelated,0.0,0.5,8.005428571428572,64.04342857142858,,
P027,fully_heldout_formal,M1_linear_quadratic,0,72,success,`xtol` termination condition is satisfied.,effective_release_frame_used:72;led_release_frame:73,29.9970279578,3398,3326,3326,0,500,110.84431446600743,0.245,45,-51.5087228384986,0.0,0.001921385469139157,0.015836114808707037,39.55022198456769,0.9880850633212244,0.0,0.5,0.0,0.5,8.005428571428572,64.04342857142858,False,True,15,0.06639182000995832,1.5190272211706626,1.5190272211706626,1.5108083220324824,2.0096263793956584,-0.4681858080620608,4.568902113070588,0.681843440779331,36.96517825312111,68,3,3,276.18453358189623,1.0,179.02045578558926,3.2747209823082786,4.024921843024768,P027DLC_Resnet50_Province_Pendulum_DLCJul23shuffle1_snapshot_best-55.csv,DLC_Resnet50_Province_Pendulum_DLCJul23shuffle1_snapshot_best-55,DAC241AC8CFC645F267127FBFC1EEA358E47177414C0B64DD18420B2FCDC3D2E,P027_parameters.toml,5302236354CED37B7442A7C45E634EC008BA1046C4999A43C1D98A3E08B6D837,exploratory_bounded_dlc_likelihood_not_calibrated,not_reported_frames_autocorrelated,0.0,0.5,8.005428571428572,64.04342857142858,0.0,0.5
